Accuracy,Precision,Recall,Specificity,F1-score
0.9642857142857143,0.8695652173913043,0.8695652173913043,0.9793103448275862,0.8695652173913043
[[142   3]
 [  3  20]]
 Average CV Score: 0.9437624750499001
0.9345238095238095,0.88,0.7333333333333333,0.9782608695652174,0.8
0.9583333333333334,0.8571428571428571,0.8888888888888888,0.9716312056737588,0.8727272727272727
