Accuracy,Precision,Recall,Specificity,F1-score
1.0,1.0,1.0,1.0,1.0
[[141   0]
 [  0  42]]
Average CV Score: 0.9989071038251366 
0.994535519125683,0.9803921568627451,1.0,0.9924812030075187,0.9900990099009901
1.0,1.0,1.0,1.0,1.0
