Accuracy,Precision,Recall,Specificity,F1-score
0.9836065573770492,0.9166666666666666,1.0,0.98,0.9565217391304348
0.9836065573770492,0.9583333333333334,0.9787234042553191,0.9852941176470589,0.968421052631579
[[134   2]
 [  1  46]]
Cross-Validation Scores: [0.98907104 1.         0.9726776  0.98907104 1.        ]
Average CV Score: 0.9901639344262296
0.9781818181818182,0.90625,1.0,0.9723502304147466,0.9508196721311475
0.9890710382513661,0.9523809523809523,1.0,0.986013986013986,0.975609756097561
0.9890710382513661,0.9574468085106383,1.0,0.9855072463768116,0.9782608695652174
