Accuracy,Precision,Recall,Specificity,F1-score
1.0,1.0,1.0,1.0,1.0
[[143   0]
 [  0   8]]
 Average CV Score: 0.9959999999999999
1.0,1.0,1.0,1.0,1.0
0.9933774834437086,1.0,0.8571428571428571,1.0,0.9230769230769231
