Accuracy,Precision,Recall,Specificity,F1-score
0.9254658385093167,0.6428571428571429,0.5625,0.9655172413793104,0.6
[[140   5]
 [  7   9]]
 Average CV Score: 0.9316770186335404
0.9254658385093167,0.9166666666666666,0.5,0.9928057553956835,0.6470588235294118
0.9627329192546584,0.8235294117647058,0.8235294117647058,0.9791666666666666,0.8235294117647058
