Accuracy,Precision,Recall,Specificity,F1-score
0.9565217391304348,0.8333333333333334,0.8695652173913043,0.9710144927536232,0.851063829787234
0.937888198757764,0.5,0.8,0.9470198675496688,0.6153846153846154
[[143   8]
 [  2   8]]
Cross-Validation Scores: [0.9689441  0.96273292 0.92546584 0.90062112 0.9378882 ]
Average CV Score: 0.9391304347826088
0.9421487603305785,0.8055555555555556,0.8055555555555556,0.9660194174757282,0.8055555555555556
0.9503105590062112,0.7142857142857143,0.8823529411764706,0.9583333333333334,0.7894736842105263
0.9254658385093167,0.7037037037037037,0.8260869565217391,0.9420289855072463,0.76
