Accuracy,Precision,Recall,Specificity,F1-score
1.0,1.0,1.0,1.0,1.0
1.0,1.0,1.0,1.0,1.0
[[134   0]
 [  0  34]]
Cross-Validation Scores: [1.         0.99404762 1.         0.99401198 1.        ]
Average CV Score: 0.9976119190191046
0.9920634920634921,0.96,1.0,0.9901960784313726,0.9795918367346939
1.0,1.0,1.0,1.0,1.0
1.0,1.0,1.0,1.0,1.0
