Accuracy,Precision,Recall,Specificity,F1-score
0.9936708860759493,1.0,0.875,1.0,0.9333333333333333
0.9936708860759493,1.0,0.9523809523809523,1.0,0.975609756097561
[[137   0]
 [  1  20]]
Cross-Validation Scores: [0.96202532 1.         0.98101266 0.99367089 0.99363057]
Average CV Score: 0.9860678868015803
0.9957805907172996,0.9615384615384616,1.0,0.9952830188679245,0.9803921568627451
0.9873417721518988,0.8666666666666667,1.0,0.9862068965517241,0.9285714285714286
0.9936708860759493,0.9375,1.0,0.993006993006993,0.967741935483871
