Accuracy,Precision,Recall,Specificity,F1-score
0.9873417721518988,0.9333333333333333,0.9333333333333333,0.993006993006993,0.9333333333333333
[[142   1]
 [  1  14]]
 Average CV Score: 0.9911392405063291
0.9936708860759493,1.0,0.9333333333333333,1.0,0.9655172413793104
0.9873417721518988,0.8181818181818182,1.0,0.9865771812080537,0.9
