Accuracy,Precision,Recall,Specificity,F1-score
0.9937106918238994,1.0,0.9375,1.0,0.967741935483871
[[143   0]
 [  1  15]]
 Average CV Score: 0.9874213836477986
0.9874213836477987,0.9,1.0,0.9858156028368794,0.9473684210526315
0.9937106918238994,1.0,0.9642857142857143,1.0,0.9818181818181818
