Accuracy,Precision,Recall,Specificity,F1-score
0.9685534591194969,0.8275862068965517,1.0,0.9629629629629629,0.9056603773584906
0.9874213836477987,0.8947368421052632,1.0,0.9859154929577465,0.9444444444444444
[[140   2]
 [  0  17]]
Cross-Validation Scores: [0.98113208 0.98113208 0.99371069 0.96855346 0.97484277]
Average CV Score: 0.979874213836478
0.9748953974895398,0.8064516129032258,1.0,0.9719626168224299,0.8928571428571429
1.0,1.0,1.0,1.0,1.0
0.9748427672955975,0.8333333333333334,1.0,0.9712230215827338,0.9090909090909091
