Accuracy,Precision,Recall,Specificity,F1-score
0.9490445859872612,0.8181818181818182,0.6,0.9859154929577465,0.6923076923076923
[[140   2]
 [  6   9]]
 Average CV Score: 0.9630328270455658
0.9745222929936306,0.75,0.75,0.9865771812080537,0.75
0.9681528662420382,0.9230769230769231,0.75,0.9929078014184397,0.8275862068965517
