Accuracy,Precision,Recall,Specificity,F1-score
0.9745222929936306,0.75,1.0,0.9724137931034482,0.8571428571428571
1.0,1.0,1.0,1.0,1.0
[[140   0]
 [  0  17]]
Cross-Validation Scores: [0.99363057 0.96815287 0.98726115 0.96815287 0.98076923]
Average CV Score: 0.979593336599706
0.9872881355932204,1.0,0.8928571428571429,1.0,0.9433962264150944
0.9872611464968153,0.9411764705882353,0.9411764705882353,0.9928571428571429,0.9411764705882353
0.9872611464968153,1.0,0.8823529411764706,1.0,0.9375
