Accuracy,Precision,Recall,Specificity,F1-score
0.9875776397515528,0.9545454545454546,0.9545454545454546,0.9928057553956835,0.9545454545454546
0.9813664596273292,0.8888888888888888,0.9411764705882353,0.9861111111111112,0.9142857142857143
[[142   2]
 [  1  16]]
Cross-Validation Scores: [0.98136646 0.99378882 0.9689441  0.9625     0.9875    ]
Average CV Score: 0.9788198757763975
0.979253112033195,0.9285714285714286,0.896551724137931,0.9905660377358491,0.9122807017543859
0.9751552795031055,1.0,0.8181818181818182,1.0,0.9
0.9813664596273292,0.9565217391304348,0.9166666666666666,0.9927007299270073,0.9361702127659575
