Accuracy,Precision,Recall,Specificity,F1-score
0.9937888198757764,0.9642857142857143,1.0,0.9925373134328358,0.9818181818181818
[[133   1]
 [  0  27]]
 Average CV Score: 0.9788276397515527
0.9751552795031055,0.8947368421052632,0.8947368421052632,0.9859154929577465,0.8947368421052632
0.9875776397515528,0.9333333333333333,0.9333333333333333,0.9931506849315068,0.9333333333333333
