Accuracy,Precision,Recall,Specificity,F1-score
1.0,1.0,1.0,1.0,1.0
1.0,1.0,1.0,1.0,1.0
[[146   0]
 [  0  15]]
Cross-Validation Scores: [0.99378882 1.         1.         1.         1.        ]
Average CV Score: 0.9987577639751553
0.9937888198757764,1.0,0.95,1.0,0.9743589743589743
0.9937888198757764,1.0,0.9473684210526315,1.0,0.972972972972973
1.0,1.0,1.0,1.0,1.0
0.9937888198757764,1.0,0.9375,1.0,0.967741935483871
1.0,1.0,1.0,1.0,1.0
1.0,1.0,1.0,1.0,1.0
1.0,1.0,1.0,1.0,1.0
