Accuracy,Precision,Recall,Specificity,F1-score
0.9870967741935484,0.9,0.9,0.993103448275862,0.9
[[144   1]
 [  1   9]]
Average CV Score: 0.9767406786761625
0.9935483870967742,1.0,0.9,1.0,0.9473684210526315
0.9806451612903225,1.0,0.7692307692307693,1.0,0.8695652173913043
