Accuracy,Precision,Recall,Specificity,F1-score
0.9935483870967742,0.9285714285714286,1.0,0.9929577464788732,0.9629629629629629
0.9741935483870968,0.875,0.875,0.9856115107913669,0.875
[[137   2]
 [  2  14]]
Cross-Validation Scores: [0.98064516 0.95483871 0.95483871 0.98051948 0.99350649]
Average CV Score: 0.972869710934227
0.9741379310344828,0.84,0.9130434782608695,0.9808612440191388,0.875
0.9870967741935484,1.0,0.9,1.0,0.9473684210526315
0.9806451612903225,0.8571428571428571,0.9230769230769231,0.9859154929577465,0.8888888888888888
